Sample_ID,Easting,Northing,Population,Prediction
GRC12076288,42.85794161,45.22652633787088,Abkhazians,Abkhazians_0
GRC12076300,44.01103167,45.10563533,Abkhazians,Abkhazians_0
GRC12076312,44.22196215282935,39.16138406,Abkhazians,Ingush_3
GRC12076324,45.24173405595454,43.672657070964206,Abkhazians,Abkhazians_0
GRC12076232,81.60982188864324,35.93744516,Altaians,Altaians_4
GRC12076245,49.77556978213896,59.58339656094614,Altaians,Tatars_2
GRC12076244,85.92017467882442,51.874180757745386,Altaians,Altaians_3
GRC12076256,86.19395233427139,50.679658485955045,Altaians,Altaians_3
GRC12076268,86.16604292842355,50.79924186407588,Altaians,Altaians_3
GRC12076280,86.19685984822905,50.66713536943782,Altaians,Altaians_3
GRC12076292,86.05901873179829,51.21912592966141,Altaians,Altaians_3
GRC12076304,85.0494272140539,53.34868061,Altaians,Altaians_3
GRC12076233,86.19514072777727,50.6203180146456,Altaians,Altaians_4
GRC12076257,86.20985464989347,50.61027505766331,Altaians,Altaians_4
GRC12076269,86.20580231371727,50.62110481107158,Altaians,Altaians_4
GRC12076281,86.20976922316665,50.61038771655163,Altaians,Altaians_4
GRC12076293,86.20697215373607,50.617013095969696,Altaians,Altaians_4
GRC12076305,86.20898400774223,50.61179335660249,Altaians,Altaians_4
GRC12076317,86.20814814433629,50.61463106897831,Altaians,Altaians_4
GRC12084554,48.01424188162409,-22.443711573089058,Ambilobe_Madagascar,Manakara_Madagascar_2
GRC12084555,47.90702740836125,-15.837884475171336,Ambilobe_Madagascar,Andilambe_Madagascar_0
GRC12084556,49.25165466195708,-13.14027307073138,Ambilobe_Madagascar,Ambilobe_Madagascar_3
GRC12084558,49.258094451309226,-13.138310797997516,Ambilobe_Madagascar,Ambilobe_Madagascar_3
GRC12084551,53.92720502,-21.69720502,Andilambe_Madagascar,Andilambe_Madagascar_0
GRC12084552,47.94039367169989,-16.91153238577247,Andilambe_Madagascar,Andilambe_Madagascar_0
GRC12084553,48.97019719513826,-13.237524998783265,Andilambe_Madagascar,Ambilobe_Madagascar_3
GRC12084544,47.99081183628896,-18.71847641602354,Antananarivo_Madagascar,Antananarivo_Madagascar_0
GRC12084545,47.56426583662946,-18.90803267485994,Antananarivo_Madagascar,Antananarivo_Madagascar_0
GRC12084546,48.89909666725381,-13.285191864619078,Antananarivo_Madagascar,Ambilobe_Madagascar_3
GRC12084574,13.32300274957851,51.39372638,Bermudian,German_3
GRC12084587,-64.08634481241262,38.49537203,Bermudian,Bermudian_1
GRC12084576,-66.39312699481798,32.9221989532648,Bermudian,Bermudian_2
GRC12084577,-65.0173173665905,32.33891443434722,Bermudian,Bermudian_2
GRC12084578,-67.19005184851696,32.42367205857459,Bermudian,Bermudian_2
GRC12084588,-65.09204488541461,32.45130636420908,Bermudian,Bermudian_2
GRC12087852,-64.91156279635405,32.339763049886336,Bermudian,Bermudian_2
GRC12087856,-67.8148716097185,32.32120316755184,Bermudian,Bermudian_2
GRC12084575,-67.19604565908067,34.06827212123724,Bermudian,Bermudian_3
GRC12084585,-64.7903675178608,32.30537125352858,Bermudian,Bermudian_3
GRC12087853,-64.9383343509151,32.43628587282612,Bermudian,Bermudian_3
GRC12087854,-65.34186410817229,32.7092945909444,Bermudian,Bermudian_3
GRC12087857,-64.86214777176079,32.366362533714444,Bermudian,Bermudian_3
GRC12087850,-63.9078659,19.29075133784161,Bermudian,Puerto_Rico_2
GRC12087851,-67.05752882,32.934875581729194,Bermudian,Bermudian_4
GRC12087858,-68.86130373,36.37797073,Bermudian,Bermudian_4
GRC12081934,88.36662375338722,22.51869245667724,Binjhal,Binjhal_0
GRC12081996,88.36676224410304,22.54679118670582,Binjhal,Binjhal_0
GRC10039197,25.25001464,37.01322343101819,Bulgaria,Greek_1
GRC11049092,22.05413124827374,40.96012803,Bulgaria,Bulgaria_1
GRC11069148,22.72071802284131,42.08489164242457,Bulgaria,Bulgaria_1
GRC10043360,23.234236231639915,42.48993494648518,Bulgaria,Bulgaria_2
GRC10047652,23.265120815697884,42.49906739914693,Bulgaria,Bulgaria_2
GRC012601,23.638362633801368,42.93709482,Bulgaria,Bulgaria_3
GRC10047943,23.71709482,42.93709482,Bulgaria,Bulgaria_3
GRC001411,23.738654090966623,43.20609306,Bulgaria,Bulgaria_4
GRC008679,23.21602424009396,42.44924643274134,Bulgaria,Bulgaria_4
GRC010399,23.84929197190566,43.35171365,Bulgaria,Bulgaria_4
GRC013817,23.36131030070688,42.63162147505086,Bulgaria,Bulgaria_4
GRC014019,23.94287217171285,43.29793034,Bulgaria,Bulgaria_4
GRC11048780,23.994794898521832,43.42694815,Bulgaria,Bulgaria_4
GRC11054746,23.64229627737566,43.02486781838836,Bulgaria,Bulgaria_4
GRC12093367,23.398168950135076,42.62945113416446,Bulgaria,Bulgaria_4
GRC12076277,44.64473380287939,43.50260395250758,Chechens,Ingush_3
GRC12076253,45.714403824655925,43.389882500391295,Chechens,Chechens_2
GRC12076265,45.71493683385115,43.392762311260384,Chechens,Chechens_2
GRC12076241,45.61808863614808,42.97068740209343,Chechens,Chechens_2
GRC12076433,116.19783729797696,39.57506302899337,Chinese,Chinese_1
GRC12076434,116.16139331471302,40.0850941377006,Chinese,Chinese_1
GRC12076438,116.19993687522457,39.5507881559101,Chinese,Chinese_1
GRC12076427,116.12684640646218,39.93147477,Chinese,Chinese_2
GRC12076431,116.07057375872634,39.77272281,Chinese,Chinese_2
GRC12076432,138.59370516,37.40629484,Chinese,Japan_1
GRC12076435,116.15397488638754,39.86349729,Chinese,Chinese_2
GRC12076428,138.21940151760816,37.63654612,Chinese,Japan_1
GRC12076429,138.09327052209264,37.61008278,Chinese,Japan_4
GRC12076436,115.930819511848,39.85607601,Chinese,Chinese_3
GRC12076430,116.18608061974686,39.58956044618428,Chinese,Chinese_4
GRC12076437,116.16834900008104,39.55396535032022,Chinese,Chinese_4
GRC11074483,9.51211027,55.51211027,Dane,Dane_1
GRC11074486,9.44533104,55.44533104,Dane,Dane_1
GRC11074490,9.677037573020042,55.32792022,Dane,Dane_1
GRC11074493,9.760853629983416,55.59882588411448,Dane,Dane_1
GRC11074494,9.30590132,55.30590132,Dane,Dane_1
GRC11074495,9.904684254118552,55.71966533967645,Dane,Dane_1
GRC11074487,13.8378319,52.0621681,Dane,German_2
GRC11074496,9.47199444,55.47199444,Dane,Dane_2
GRC11074484,9.27384233,55.27384233,Dane,Dane_3
GRC11074488,9.62221606827312,55.50786083,Dane,Dane_3
GRC11074489,9.584728486944677,55.57039602,Dane,Dane_3
GRC11074492,9.48757033,55.48757033,Dane,Dane_3
GRC11074497,9.47106589,55.47106589,Dane,Dane_3
GRC11074485,9.990856237074905,56.01502011222912,Dane,Dane_4
GRC11074491,9.985377024912378,56.00659979048965,Dane,Dane_4
GRC12076331,47.01531811417534,26.95605039,Egypt,Kuwait_1
GRC12076343,30.817367580960862,26.784404959922966,Egypt,Egypt_2
GRC12076345,30.83173164653172,26.757519174627163,Egypt,Egypt_2
GRC12076348,30.873630920325844,26.66899333887231,Egypt,Egypt_2
GRC12076414,30.8266762646819,26.76541830121155,Egypt,Egypt_2
GRC12076328,30.826322672885983,26.77036876342263,Egypt,Egypt_3
GRC12076330,30.814733336588468,26.79217833601823,Egypt,Egypt_3
GRC12076344,30.840351798993115,26.74219288960093,Egypt,Egypt_3
GRC12076347,30.807627522520523,26.80845673386613,Egypt,Egypt_3
GRC12076356,30.81574768726531,26.79772241008648,Egypt,Egypt_3
GRC12076413,30.814584192824046,26.80054828767187,Egypt,Egypt_3
GRC12076329,30.82003645373229,26.79058447869458,Egypt,Egypt_4
GRC12076346,30.87720258373965,26.69361119555897,Egypt,Egypt_4
GRC12076366,30.87052090198477,26.70519190290522,Egypt,Egypt_4
GRC12076370,30.936843412922805,26.93200689732756,Egypt,Egypt_4
GRC12081959,78.11662773647407,17.25790162885442,Ezhava,Kapu_0
GRC11075025,24.559811451299847,63.99986727679155,Finnish,Finnish_1
GRC11075031,24.559805871958694,63.99986713998077,Finnish,Finnish_1
GRC11075032,24.55312436055943,63.99551410439088,Finnish,Finnish_2
GRC11075033,24.55261652072292,63.994804356765975,Finnish,Finnish_2
GRC11075035,24.556251920123675,63.99766325807047,Finnish,Finnish_2
GRC11075027,24.53962565749608,63.98867655562274,Finnish,Finnish_3
GRC11075028,24.55187086216244,63.9949026689168,Finnish,Finnish_3
GRC11075036,24.556328851773056,63.99753216173092,Finnish,Finnish_3
GRC11075026,24.047128737700803,63.90282298566168,Finnish,Finnish_4
GRC11075029,24.47184831157545,63.96709234041201,Finnish,Finnish_4
GRC11075030,24.53586774041889,63.98939184781828,Finnish,Finnish_4
GRC11075034,24.503996971170302,63.99023500774808,Finnish,Finnish_4
GRC12076240,42.14304667,39.10304667,Georgian,Georgians_3
GRC12076252,43.64965809445913,41.03356999696911,Georgian,Georgians_3
GRC12076264,44.41605362547486,41.3757953738243,Georgian,Georgians_3
GRC12076276,44.40190469652425,41.36188385976235,Georgian,Georgians_3
GRC11074516,14.64254528,51.25745472,German,German_1
GRC11074527,14.56675067758498,53.77587928,German,German_1
GRC11074513,13.67526639,52.22473361,German,German_2
GRC11074518,13.67526639,52.22473361,German,German_2
GRC11074514,-3.0013970984867577,53.06750636,German,UK_3
GRC11074515,13.323301839225708,52.13499183811554,German,German_3
GRC11074517,13.275573438446688,52.13415891934051,German,German_3
GRC11074519,13.35401908764201,51.82605955,German,German_3
GRC11074520,13.382633335622836,52.50009372726189,German,German_3
GRC11074521,12.44598455986963,51.851486494617845,German,German_3
GRC11074522,-2.898327016636428,53.20418858,German,UK_3
GRC11074523,13.370671048800652,52.04572416755874,German,German_3
GRC11074524,13.379734104350902,52.43164553946556,German,German_3
GRC11074526,13.140916724516511,51.78728136183561,German,German_3
GRC11074525,24.19134551120078,41.97217389,German,Romania_1
GRC12081944,72.54660699869032,22.40875780958769,Gond_Ori,Gond_Ori_0
GRC12081951,72.58539177892,23.83446806,Gond_Ori,Gond_Ori_0
GRC12081958,72.55621626609363,22.38986776896278,Gond_Ori,Gond_Ori_0
GRC11074503,24.406181682083574,37.010589157666175,Greek,Greek_1
GRC11074505,24.31580816,37.36752584,Greek,Greek_1
GRC11074506,23.80799210645987,37.72627220704254,Greek,Greek_1
GRC11074512,24.3557853,37.3275487,Greek,Greek_1
GRC11074499,23.83820654740682,37.56716757569923,Greek,Greek_2
GRC11074504,24.21598247006755,37.36213473,Greek,Greek_2
GRC11074498,24.02327228709588,37.52231734,Greek,Greek_3
GRC11074500,11.91876347,42.51123653,Greek,Italian_3
GRC11074510,24.05433014683581,37.41596176,Greek,Greek_3
GRC11074501,12.250431251966829,42.50767809,Greek,Italian_2
GRC11074502,11.73597116,42.69402884,Greek,Italian_3
GRC11074507,24.93221731,36.75111669,Greek,Greek_4
GRC11074508,24.31978739,37.36354661,Greek,Greek_4
GRC11074509,22.824492075408656,42.21866666692416,Greek,Bulgaria_1
GRC11074511,24.39743822,37.28589578,Greek,Greek_4
GRC12084590,-99.80050862171277,21.06993201586271,Guanajuato_Mexico,Hidalgo_Mexico_3
GRC12084591,-102.10986808593304,21.849091013015308,Guanajuato_Mexico,Guanajuato_Mexico_0
GRC12084592,-103.45698752,23.30698752,Guanajuato_Mexico,Guanajuato_Mexico_0
GRC12076453,73.60973678704906,26.716320509546204,Gujarati,Gujarati_1
GRC12076459,73.56507813917935,26.71236001127045,Gujarati,Gujarati_1
GRC12076461,73.76339756226812,26.61943911556516,Gujarati,Gujarati_1
GRC12076451,73.31848567966345,26.82612294653025,Gujarati,Gujarati_2
GRC12076452,73.7245811874559,26.62766718482891,Gujarati,Gujarati_2
GRC12076454,73.29328874083129,26.83961537935297,Gujarati,Gujarati_2
GRC12076457,81.19857756,12.16142244,Gujarati,Iyengar_Kar_0
GRC12076456,73.00858594844783,27.011909936374767,Gujarati,Gujarati_3
GRC12076458,73.07670081785444,26.964276341432743,Gujarati,Gujarati_3
GRC12076460,72.51113502,27.90056498,Gujarati,Gujarati_3
GRC12076462,72.32756553,27.3720000038616,Gujarati,Gujarati_3
GRC12076455,74.32561405526637,25.959821997781063,Gujarati,Gujarati_1
GRC12081946,36.05098141034083,34.59635725827764,Halba,Halba_0
GRC12081953,35.9630409596959,34.73344779642589,Halba,Halba_0
GRC12084543,12.586572096148185,-17.216646934862446,Hereroland_Namibia,Tsumkwe_Namibia_0
GRC12084539,14.249344393430066,-18.79592442,Hereroland_Namibia,Kaokoveld_Namibia_3
GRC12084540,28.000000001240604,-26.000000001389107,Hereroland_Namibia,Johannesburg_Gauteng_RSA_0
GRC12084541,13.916853135013238,-19.39129969408725,Hereroland_Namibia,Kaokoveld_Namibia_3
GRC12084542,19.50138285077367,-20.999243668517803,Hereroland_Namibia,Hereroland_Namibia_2
GRC12084596,-99.28513110770363,20.756955079312927,Hidalgo_Mexico,Hidalgo_Mexico_1
GRC12087863,-101.30815776575923,21.32041926170386,Hidalgo_Mexico,Guanajuato_Mexico_0
GRC12084593,-99.7561800949983,21.10626891151482,Hidalgo_Mexico,Hidalgo_Mexico_2
GRC12084595,-99.05826427664924,20.64330970296545,Hidalgo_Mexico,Hidalgo_Mexico_2
GRC12084597,-99.7096710607068,21.10195891011558,Hidalgo_Mexico,Hidalgo_Mexico_3
GRC12084598,-100.05773424,21.82773424,Hidalgo_Mexico,Hidalgo_Mexico_3
GRC12087864,-99.30522547659636,20.81692700884784,Hidalgo_Mexico,Hidalgo_Mexico_3
GRC12084594,-73.78959021,-15.31040979,Hidalgo_Mexico,Peru_3
GRC11075038,-3.6935767506298816,40.99649287975997,Iberian,Iberian_1
GRC11075041,-3.5467838370004108,41.44448283,Iberian,Iberian_1
GRC11075042,-3.7158970893089296,40.53599898157571,Iberian,Iberian_1
GRC11075045,-3.696108761919493,40.69475904736623,Iberian,Iberian_1
GRC11075046,-3.716592396173045,40.33524041676596,Iberian,Iberian_2
GRC11075047,-3.7170537484589534,40.31986034369518,Iberian,Iberian_2
GRC11075048,-1.939915353211284,42.62620614,Iberian,Iberian_2
GRC11075037,-4.438942159326771,41.65231721,Iberian,Iberian_4
GRC11075039,-3.717724167152491,40.70132812073879,Iberian,Iberian_4
GRC11075040,-3.822649231534415,41.76838701,Iberian,Iberian_4
GRC11075043,-3.72208872773084,40.45098436999088,Iberian,Iberian_4
GRC11075044,-3.730618906041854,40.79714084950323,Iberian,Iberian_4
GRC12076289,45.66325270519961,43.18360254902679,Ingush,Chechens_2
GRC12076313,44.7687083610025,43.51669597156255,Ingush,Ingush_3
GRC12076301,44.859237165573845,43.58803008002948,Ingush,Ingush_3
GRC12076325,44.78766978029086,43.24301161906729,Ingush,Ingush_3
GRC12076333,53.84168129445254,32.288295532376885,Iran,Iran_1
GRC12076337,54.07758378066863,32.211223409947955,Iran,Iran_1
GRC12076339,53.7776151554191,32.35012911959359,Iran,Iran_1
GRC12076350,68.52407891196914,28.82150203,Iran,Tajikistan_1
GRC12076334,54.517882587565296,31.58459919095386,Iran,Iran_3
GRC12076335,54.17913122444239,31.67558379203839,Iran,Iran_3
GRC12076340,43.48489871,45.63176829,Iran,Abkhazians_0
GRC12076349,53.83905089032831,32.23401158048469,Iran,Iran_3
GRC12076351,42.48207587,43.13217598351331,Iran,Abkhazians_0
GRC12076352,54.6971465972697,31.52460715974422,Iran,Iran_3
GRC12076384,56.38000638482629,29.3476989,Iran,Iran_3
GRC12076397,54.1817684666858,31.824881231706517,Iran,Iran_3
GRC12076332,53.69955880958367,32.42939101254575,Iran,Iran_4
GRC12076336,53.75446749132526,32.575075100119925,Iran,Iran_4
GRC12076338,53.71697151057192,32.47123949611388,Iran,Iran_4
GRC12076396,53.70676000214122,32.44568689830735,Iran,Iran_4
GRC11075109,12.348205871432706,42.32312474,Italian,Italian_1
GRC11075112,24.70187892,36.98145508,Italian,Greek_2
GRC11075114,23.761447990241173,37.85516551142996,Italian,Greek_1
GRC11075117,12.232268767630968,42.43386567,Italian,Italian_1
GRC11075120,11.866695517104835,42.60825814,Italian,Italian_1
GRC11075113,12.465036512061603,42.15934469347885,Italian,Italian_2
GRC11075115,12.300420922436247,42.30120253,Italian,Italian_2
GRC11075110,24.2376135,37.4457205,Italian,Greek_3
GRC11075111,11.87877176,42.55122824,Italian,Italian_3
GRC11075116,11.84615477,42.58384523,Italian,Italian_3
GRC11075118,12.438860912639637,42.20062202,Italian,Italian_3
GRC12083640,24.24665725,37.43667675,Italian,Greek_3
GRC12083641,11.9936839,42.4363161,Italian,Italian_3
GRC11075119,12.559445178643184,41.871622645043445,Italian,Italian_4
GRC12083639,12.559635815535646,41.87107154222432,Italian,Italian_4
GRC12081970,80.38859446839484,13.034505665602625,Iyengar_Kar,Iyengar_Kar_0
GRC12081997,80.62864471082877,12.919462651939885,Iyengar_Kar,Iyengar_Kar_0
GRC11075073,138.00341333001117,37.95198922194453,Japan,Japan_1
GRC11075074,115.91940071,39.83059929,Japan,Chinese_2
GRC11075075,138.04491890341646,37.75255854,Japan,Japan_1
GRC11075077,138.0721756526047,37.72254275,Japan,Japan_1
GRC11075081,138.02435417958338,37.79867077,Japan,Japan_1
GRC11075082,116.1993244624241,39.55950047031814,Japan,Chinese_2
GRC11075076,138.0380276357123,37.9005382,Japan,Japan_2
GRC11075079,138.0460252877702,37.88329582,Japan,Japan_2
GRC11075080,138.06904368330666,37.87079157,Japan,Japan_2
GRC11075083,115.54906633574302,40.22666112,Japan,Chinese_3
GRC11075078,138.00675708114662,37.90500938047588,Japan,Japan_4
GRC11075084,138.00183523199618,37.97423674563984,Japan,Japan_4
GRC12084519,29.48372739661374,-29.54535932521141,Johannesburg_Gauteng_RSA,Underberg_KZN_RSA_0
GRC12084520,19.006151675162997,-19.62624666,Johannesburg_Gauteng_RSA,Hereroland_Namibia_2
GRC12084510,19.657838446891237,-21.01587491125113,Kaokoveld_Namibia,Hereroland_Namibia_2
GRC12084512,14.35958305635407,-18.51948168,Kaokoveld_Namibia,Kaokoveld_Namibia_3
GRC12084509,13.910111575191287,-19.399854917010497,Kaokoveld_Namibia,Kaokoveld_Namibia_3
GRC12084511,13.914283903551144,-19.394008062299285,Kaokoveld_Namibia,Kaokoveld_Namibia_3
GRC12084513,13.910597107947996,-19.399229156486413,Kaokoveld_Namibia,Kaokoveld_Namibia_3
GRC12081937,80.3257417,10.511651534476409,Kapu,Valayar_0
GRC12081983,77.64693552652416,17.255791652749572,Kapu,Kapu_0
GRC11075086,37.10784105,-0.81215895,Kenya,Kenya_1
GRC11075088,36.66203842,-1.25796158,Kenya,Kenya_1
GRC11075091,37.6952490841359,-0.2711108673052413,Kenya,Kenya_1
GRC11075092,37.33357212,-0.58642788,Kenya,Kenya_1
GRC11075095,37.559664305469546,-0.4523897480044511,Kenya,Kenya_1
GRC11075087,37.844252210728015,-0.092332511710685,Kenya,Kenya_2
GRC11075089,37.82770290565481,-0.1085953431948519,Kenya,Kenya_2
GRC11075093,37.73746707844125,-0.2682794483807706,Kenya,Kenya_2
GRC11075094,37.4927932991063,-0.5265668437306891,Kenya,Kenya_2
GRC11075096,37.80597233847969,-0.1778882934587217,Kenya,Kenya_2
GRC11075090,36.16146255,-1.75853745,Kenya,Kenya_1
GRC11075085,36.03184002,-1.88815998,Kenya,Kenya_2
GRC12084534,19.533189530058326,-20.969147425079747,Kroonstad_Free_State_RSA,Hereroland_Namibia_2
GRC12084532,20.035094086575278,-27.703716194612657,Kroonstad_Free_State_RSA,Southeastern_Namibia_1
GRC12084531,27.0266791765853,-27.03656320073206,Kroonstad_Free_State_RSA,Kroonstad_Free_State_RSA_3
GRC12084533,27.00448688505083,-27.005610429829357,Kroonstad_Free_State_RSA,Kroonstad_Free_State_RSA_3
GRC12084535,27.000756310860325,-27.00096760844246,Kroonstad_Free_State_RSA,Kroonstad_Free_State_RSA_3
GRC12076376,48.07271464533292,26.579372849681956,Kuwait,Kuwait_1
GRC12076378,48.19138688130905,25.43715372,Kuwait,Kuwait_1
GRC12076379,47.88738842137426,28.429144067834667,Kuwait,Kuwait_1
GRC12076375,-3.712691241896128,40.809910661311584,Kuwait,Iberian_1
GRC12076341,50.77226113,26.152917397736367,Kuwait,Kuwait_3
GRC12076342,48.52392312633514,28.39554971102481,Kuwait,Kuwait_3
GRC12076363,49.70382933602952,26.04958373,Kuwait,Kuwait_3
GRC12076374,50.72268356580648,25.99182927,Kuwait,Kuwait_3
GRC12076377,50.33470606,30.9299812524023,Kuwait,Kuwait_3
GRC12076380,50.41068976,30.164866412656693,Kuwait,Kuwait_3
GRC12076392,35.74055130435838,37.19569855,Kuwait,Lebanon_1
GRC12076394,54.60722450873037,31.413056383824507,Kuwait,Iran_3
GRC12076398,49.20724757325826,28.882271579711585,Kuwait,Kuwait_3
GRC12076354,47.77574455932781,28.387331876822987,Kuwait,Kuwait_4
GRC12076355,50.50373155792829,28.95736024304332,Kuwait,Kuwait_4
GRC12076364,49.47919864707743,24.05941488,Kuwait,Kuwait_4
GRC12076371,49.57257916323144,28.873864982162345,Kuwait,Kuwait_4
GRC12076388,35.11811014,22.50188986,Kuwait,Egypt_2
GRC12076368,36.0661521045916,34.126535739271056,Lebanon,Lebanon_1
GRC12076372,43.09881544,40.05881544,Lebanon,Georgians_3
GRC12076382,36.00562938678354,34.09940134645735,Lebanon,Lebanon_1
GRC12076385,36.03409065754749,34.61793369046615,Lebanon,Lebanon_1
GRC12076387,43.98766220027162,40.93653951979068,Lebanon,Georgians_3
GRC12076391,35.913792981963375,33.9300022686191,Lebanon,Lebanon_1
GRC12076362,35.92550378764643,34.199738703086034,Lebanon,Lebanon_2
GRC12076365,35.86561431463208,33.962333822897456,Lebanon,Lebanon_2
GRC12076367,35.85498394791229,33.88571483498806,Lebanon,Lebanon_2
GRC12076369,35.85760675514881,33.858745330067045,Lebanon,Lebanon_2
GRC12076373,35.83814094110759,33.99214687140314,Lebanon,Lebanon_2
GRC12076383,35.766304001386864,34.27706024882918,Lebanon,Lebanon_2
GRC12076386,35.78741929644448,34.31107418956991,Lebanon,Lebanon_2
GRC12076389,35.85144458928987,33.929535459999585,Lebanon,Lebanon_2
GRC12076390,35.85942557187797,33.85201357936532,Lebanon,Lebanon_2
GRC12076393,35.35996636645648,35.006628475231494,Lebanon,Lebanon_2
GRC12076395,35.579887813984456,34.528468768342684,Lebanon,Lebanon_2
GRC12076357,36.17042072576531,34.37047178507551,Lebanon,Lebanon_3
GRC12076358,35.875808674870605,34.04681285555312,Lebanon,Lebanon_3
GRC12076359,35.91250765249081,33.980873900322734,Lebanon,Lebanon_3
GRC12076360,35.88957757668452,33.9068519321015,Lebanon,Lebanon_3
GRC12076361,31.42935089194141,26.54624873287299,Lebanon,Egypt_3
GRC12084557,48.14732006713648,-19.54763042,Mahajanga_Madagascar,Ambilobe_Madagascar_3
GRC12081949,74.32680966119064,31.553967160952308,Majhbi,Majhbi_0
GRC12081994,74.32433236422112,31.5543779055211,Majhbi,Majhbi_0
GRC12084550,43.841553685847664,-23.16815400066228,Manakara_Madagascar,Toliara_Madagascar_2
GRC12084547,47.99534817095425,-22.23141525423283,Manakara_Madagascar,Manakara_Madagascar_2
GRC12084548,48.003802552084295,-22.219017462655064,Manakara_Madagascar,Manakara_Madagascar_2
GRC12084549,45.30109493,-21.87691235373704,Manakara_Madagascar,Toliara_Madagascar_2
GRC12081947,93.95566133596196,24.819056070179226,Meitei,Meitei_0
GRC12081967,93.96449632237912,24.76726429263413,Meitei,Meitei_0
GRC12081943,72.17777074067833,27.48425572359171,Mogaveera,Gujarati_3
GRC12076318,111.10594886896143,44.4690085759219,Mongols,Mongols_4
GRC12076235,110.99882183318569,45.00276855259863,Mongols,Mongols_2
GRC12076271,110.99905287995664,45.00055678059729,Mongols,Mongols_2
GRC12076283,110.9974038618284,45.00576677215729,Mongols,Mongols_2
GRC12076259,111.00220086124484,44.96744426583162,Mongols,Mongols_3
GRC12076270,111.00069112159414,44.9949035861382,Mongols,Mongols_3
GRC12076294,111.00134515831546,44.98987773035094,Mongols,Mongols_3
GRC12076295,111.0003251743404,44.99642423392634,Mongols,Mongols_3
GRC12076307,111.00013434942174,44.99337753420321,Mongols,Mongols_3
GRC12076234,111.0003522655551,44.99650966075392,Mongols,Mongols_4
GRC12076246,110.99908020649973,45.00101353489743,Mongols,Mongols_4
GRC12084600,-99.0400077089633,18.44000608316044,Morelos_Mexico,Morelos_Mexico_1
GRC12084602,-99.04000862806126,18.440006813236145,Morelos_Mexico,Morelos_Mexico_1
GRC12084599,-99.89492071,19.29492071,Morelos_Mexico,Morelos_Mexico_1
GRC12084601,-70.15712239,-17.77858561,Morelos_Mexico,QUECHUA_3
GRC12081960,88.36666360304802,22.552194102706537,Munda,Binjhal_0
GRC12081936,77.49165076862339,17.308752031321877,Nadar_Cape,Kapu_0
GRC12081978,112.92928015,36.27928015,Naga,Chinese_4
GRC12083608,155.18304841112317,-6.043053497701929,Nasioi_Bougainville,Nasioi_Bougainville_0
GRC12083609,170.71658243,-20.16658243,Nasioi_Bougainville,Vanuatu_3
GRC12083610,153.13346074,-3.99346074,Nasioi_Bougainville,Nasioi_Bougainville_0
GRC12083611,153.07872158,-3.93872158,Nasioi_Bougainville,Nasioi_Bougainville_0
GRC12083612,154.1378897398922,-4.905515298819857,Nasioi_Bougainville,Nasioi_Bougainville_0
GRC12083613,140.64185472047956,-0.59069022,Nasioi_Bougainville,Papua_New_Guinea_highland_1
GRC12083614,140.63562848061247,-0.59321382,Nasioi_Bougainville,Papua_New_Guinea_highland_1
GRC12083615,153.23622054,-4.09622054,Nasioi_Bougainville,Nasioi_Bougainville_0
GRC12083616,149.33975673056625,-9.513083170342584,Nasioi_Bougainville,Papua_New_Guinea_coastal_2
GRC12083617,154.90530928279932,-5.74567025785883,Nasioi_Bougainville,Nasioi_Bougainville_0
GRC12081971,71.94355692,33.35208589269382,Nattukottai_Chettiar,Majhbi_0
GRC12083626,147.09884442022786,-9.296236897917654,Papua_New_Guinea_coastal,Papua_New_Guinea_coastal_1
GRC12083627,147.09969390033834,-9.298525114196726,Papua_New_Guinea_coastal,Papua_New_Guinea_coastal_1
GRC12083618,147.23938787189712,-9.336209794827552,Papua_New_Guinea_coastal,Papua_New_Guinea_coastal_2
GRC12083619,147.23938787189712,-9.336209794827552,Papua_New_Guinea_coastal,Papua_New_Guinea_coastal_2
GRC12083621,142.98637497861506,-3.979081104137536,Papua_New_Guinea_coastal,Papua_New_Guinea_highland_1
GRC12083622,147.1308927546002,-9.31459910654812,Papua_New_Guinea_coastal,Papua_New_Guinea_coastal_2
GRC12083624,147.23938787189712,-9.336209794827552,Papua_New_Guinea_coastal,Papua_New_Guinea_coastal_2
GRC12083625,147.11905768937862,-9.312386129602874,Papua_New_Guinea_coastal,Papua_New_Guinea_coastal_2
GRC12083628,147.23938787189712,-9.336209794827552,Papua_New_Guinea_highland,Papua_New_Guinea_coastal_2
GRC12083629,147.23938787189712,-9.336209794827552,Papua_New_Guinea_highland,Papua_New_Guinea_coastal_2
GRC12083630,147.23938787189712,-9.336209794827552,Papua_New_Guinea_highland,Papua_New_Guinea_coastal_2
GRC12083631,147.23938787189712,-9.336209794827552,Papua_New_Guinea_highland,Papua_New_Guinea_coastal_2
GRC12083633,147.20655350749314,-9.331196456245983,Papua_New_Guinea_highland,Papua_New_Guinea_coastal_2
GRC12083635,140.7917263989519,-0.04683867,Papua_New_Guinea_highland,Papua_New_Guinea_highland_1
GRC12083637,171.0818747345337,-22.14179112,Papua_New_Guinea_highland,Vanuatu_3
GRC12083638,142.99406449928807,-3.9904738122047463,Papua_New_Guinea_highland,Papua_New_Guinea_highland_1
GRC12083632,-69.4199999999986,-15.750000000005668,Papua_New_Guinea_highland,AYMARA_URO_0
GRC12081939,80.27970242769662,12.989237070967546,Parayar,Parayar_0
GRC12081973,80.18930620629662,12.677217885666412,Parayar,Parayar_0
GRC12081995,53.88738437132112,32.27861372463336,Parsee,Iran_1
GRC11075052,-76.7597460520024,-12.189450075541885,Peru,Peru_1
GRC11075059,-78.11423107,-10.98576893,Peru,Peru_1
GRC11075050,-77.05332229624197,-12.042609493574666,Peru,Peru_2
GRC11075053,-77.05287697526225,-12.042344796211172,Peru,Peru_2
GRC11075055,-72.71105386,-16.38894614,Peru,Peru_3
GRC11075057,-69.55215188,-18.38355612,Peru,QUECHUA_1
GRC11075058,-75.73779287759693,-12.928336130811063,Peru,Peru_3
GRC11075060,-74.5776402,-14.01504144212072,Peru,Peru_3
GRC11075049,-101.02539225,22.79539225,Peru,Hidalgo_Mexico_2
GRC11075051,-74.7642093,-14.3357907,Peru,Peru_4
GRC11075054,-75.0914744373006,-13.34724322967573,Peru,Peru_4
GRC11075056,-72.36371035457867,-15.111454298111706,Peru,Peru_4
GRC12084607,-65.5799981356952,18.60430038461616,Puerto_Rico,Puerto_Rico_1
GRC12084608,-65.98055655459362,18.484885315299536,Puerto_Rico,Puerto_Rico_1
GRC12084610,-62.69651975541991,19.21564622138106,Puerto_Rico,Puerto_Rico_1
GRC12084614,-65.76693180304387,18.59210689274426,Puerto_Rico,Puerto_Rico_1
GRC12084606,,,Puerto_Rico,Puerto_Rico_2
GRC12084603,-65.96370111498894,18.879490851051624,Puerto_Rico,Puerto_Rico_3
GRC12084604,-65.98408374038111,18.813994399319785,Puerto_Rico,Puerto_Rico_3
GRC12084609,-66.03146373892565,18.662870573503017,Puerto_Rico,Puerto_Rico_3
GRC12084611,-62.5789093,21.9710907,Puerto_Rico,Puerto_Rico_3
GRC12084612,-63.61824775,20.93175225,Puerto_Rico,Puerto_Rico_3
GRC12084615,-65.40864258611562,20.45451637882716,Puerto_Rico,Puerto_Rico_3
GRC12084605,-65.92575962576908,18.93344910748869,Puerto_Rico,Puerto_Rico_4
GRC12084613,-66.07597832281799,18.510040951727053,Puerto_Rico,Puerto_Rico_4
GRC12084616,-66.0314757578905,18.59744152068245,Puerto_Rico,Puerto_Rico_4
GRC12084617,-66.02614953665152,18.624133008468167,Puerto_Rico,Puerto_Rico_4
GRC12081945,76.98737773156797,8.483783735178624,Pulayar,Pulayar_0
GRC12081976,76.98194247740028,8.492376312413002,Pulayar,Pulayar_0
GRC12081927,-71.39134840715198,-16.509538977663833,QUECHUA,QUECHUA_1
GRC12081928,-70.46958924,-17.260641502820473,QUECHUA,QUECHUA_1
GRC12081930,-70.60919736,-17.174116948434015,QUECHUA,QUECHUA_1
GRC12081931,-76.09987193523747,-12.698040990014146,QUECHUA,Peru_3
GRC12081926,-70.24411279,-17.69159521,QUECHUA,QUECHUA_3
GRC12081929,-71.40390681290546,-16.50993828067352,QUECHUA,QUECHUA_3
GRC12081998,-69.4199999999986,-15.750000000005668,QUECHUA,AYMARA_URO_0
GRC12084618,-99.3018287285034,20.819440731415927,Queretaro_Mexico,Hidalgo_Mexico_3
GRC12081933,83.26619904321117,26.6083628091791,Rajput_Kinnura,Tharu_0
GRC12081941,73.2764882854421,26.84942639621596,Rajput_Rajasthan,Gujarati_1
GRC12084536,27.999020744124955,-26.000458328615792,Reichenau_Mission_Underberg_KZN_RSA,Johannesburg_Gauteng_RSA_0
GRC12081986,78.08708068695157,7.492670432286129,Relli,Pulayar_0
GRC000868,25.70901963580341,43.67919076440314,Romania,Romania_1
GRC001050,25.44428181,43.64428181,Romania,Romania_1
GRC002130,25.390333451517048,43.25292349,Romania,Romania_1
GRC10034898,24.004437358330343,43.31609087,Romania,Bulgaria_3
GRC10038272,23.71971183731271,43.18319356959045,Romania,Bulgaria_4
GRC11073453,23.76416072,42.98416072,Romania,Bulgaria_3
GRC017591,25.93483395388663,44.09231237967701,Romania,Romania_2
GRC025491,25.55694438,43.75694438,Romania,Romania_2
GRC10042263,25.90026635226236,44.016330281046784,Romania,Romania_2
GRC11054201,25.92984842539571,39.63453842,Romania,Bulgaria_3
GRC11059201,10.3832804,52.5473601277681,Romania,German_3
GRC031808,24.46818491423943,41.87807914429752,Romania,Bulgaria_3
GRC10043989,23.87817594305593,43.31279354648787,Romania,Bulgaria_3
GRC11049359,23.769896339105497,43.18146120029196,Romania,Bulgaria_3
GRC11054968,24.09381412305571,42.69465793400521,Romania,Bulgaria_3
GRC12076237,24.90061105292501,58.62278125042256,Russians,Russians_1
GRC12076248,24.93954271820627,58.76928323844339,Russians,Russians_1
GRC12076261,24.852042560339456,58.46926508345433,Russians,Russians_1
GRC12076308,24.759906243318284,58.23451661,Russians,Russians_1
GRC12076260,24.913566423082727,58.38572202444092,Russians,Russians_2
GRC12076272,24.93555773759564,58.72682347662632,Russians,Russians_2
GRC12076297,24.99056385631629,58.95942085080956,Russians,Russians_2
GRC12076309,23.56392435,57.56392435,Russians,Russians_2
GRC12076320,23.24148679888599,64.33667073581465,Russians,Finnish_4
GRC12076236,24.935582224058304,58.76780056974222,Russians,Russians_4
GRC12076249,24.27382320097011,57.94112952,Russians,Russians_4
GRC12076273,24.77427625961491,58.14519189463025,Russians,Russians_4
GRC12076284,24.990145285750256,58.96119826815668,Russians,Russians_4
GRC12076285,24.915302840601367,58.69171718884365,Russians,Russians_4
GRC12076296,24.90912353471899,58.62193008079953,Russians,Russians_4
GRC12076321,24.419510935211957,57.88748985,Russians,Russians_4
GRC11074456,9.000100924729855,40.00098116171412,Sardinian,Sardinian_1
GRC11074457,9.000035321930557,40.00033396729325,Sardinian,Sardinian_1
GRC11074458,9.003038932893404,40.02243307708712,Sardinian,Sardinian_1
GRC11074464,9.000104193388001,40.00097299038199,Sardinian,Sardinian_1
GRC11074454,9.000291379833266,40.002583060135,Sardinian,Sardinian_2
GRC11074460,9.000025860844405,40.00025275782771,Sardinian,Sardinian_2
GRC11074466,9.000081437244717,40.00081640773916,Sardinian,Sardinian_2
GRC11074467,9.000021437292997,40.000200411344096,Sardinian,Sardinian_2
GRC11074453,9.00075597945089,40.00581759639835,Sardinian,Sardinian_3
GRC11074455,9.000286104103484,40.00249241014824,Sardinian,Sardinian_3
GRC11074463,9.000126285840816,40.001047760642216,Sardinian,Sardinian_3
GRC11074459,9.000505818404035,40.00651882989887,Sardinian,Sardinian_4
GRC11074461,9.000935135144788,40.008521752005336,Sardinian,Sardinian_4
GRC11074462,9.001162112516093,40.01348358380034,Sardinian,Sardinian_4
GRC11074465,9.001948814846976,40.02310326185867,Sardinian,Sardinian_4
GRC12081980,79.97592413,10.414723577823056,Sattibalija,Valayar_0
GRC12084514,16.321328001547826,-18.6645812366352,Schmidtsdrift_Northern_Cape_RSA,Tsumkwe_Namibia_0
GRC12084516,16.031472884859443,-18.54232966681033,Schmidtsdrift_Northern_Cape_RSA,Tsumkwe_Namibia_0
GRC12084517,16.278521273695645,-18.646491510558665,Schmidtsdrift_Northern_Cape_RSA,Tsumkwe_Namibia_0
GRC12084518,19.666763697582187,-28.03484487435763,Schmidtsdrift_Northern_Cape_RSA,Southeastern_Namibia_2
GRC12084565,19.537741649393755,-28.100969585793035,Southeastern_Namibia,Southeastern_Namibia_1
GRC12084566,19.53486965103149,-28.102912308380816,Southeastern_Namibia,Southeastern_Namibia_1
GRC12084567,19.596683933009444,-28.0692251499159,Southeastern_Namibia,Southeastern_Namibia_2
GRC12084568,19.547198648626477,-28.0750112625766,Southeastern_Namibia,Southeastern_Namibia_2
GRC12084569,19.53542149577278,-28.08983802957971,Southeastern_Namibia,Southeastern_Namibia_2
GRC12076286,68.48040781625923,38.34300741017415,Tajikistan,Tajikistan_1
GRC12076298,68.48174207023257,38.33786645248718,Tajikistan,Tajikistan_1
GRC12076310,68.48072704787933,38.33828580672414,Tajikistan,Tajikistan_1
GRC12076322,68.47987135156066,38.34634505278363,Tajikistan,Tajikistan_1
GRC12076250,68.36916983026524,37.997081109686974,Tajikistan,Tajikistan_4
GRC12076238,68.48031024848481,38.34824280640122,Tajikistan,Tajikistan_3
GRC12076262,68.48002048834947,38.34992110627255,Tajikistan,Tajikistan_3
GRC12076263,68.48639577397162,38.33713798562383,Tajikistan,Tajikistan_3
GRC12076275,68.48030693727812,38.34878112429259,Tajikistan,Tajikistan_3
GRC12076239,68.47988227105562,38.34946798502487,Tajikistan,Tajikistan_4
GRC12076251,68.47926876969743,38.34672597889236,Tajikistan,Tajikistan_4
GRC12076274,68.47987476911675,38.34933020797276,Tajikistan,Tajikistan_4
GRC12076299,68.4795029573627,38.34642638137043,Tajikistan,Tajikistan_4
GRC12076242,50.7380169458102,55.10509688258795,Tatars,Tatars_1
GRC12076302,50.73770322468906,55.10390658887259,Tatars,Tatars_1
GRC12076315,50.77479959080736,54.93381189577918,Tatars,Tatars_1
GRC12076327,50.774984419193146,54.84668847569149,Tatars,Tatars_1
GRC12076291,50.72519263082439,55.16179856195782,Tatars,Tatars_2
GRC12076314,50.724563959452375,55.16340518321495,Tatars,Tatars_2
GRC12076255,50.72436223982584,55.12845875639234,Tatars,Tatars_3
GRC12076267,50.740476813872846,55.05321297899837,Tatars,Tatars_3
GRC12076279,50.72188772826964,55.161578811917416,Tatars,Tatars_3
GRC12076303,50.72100340118748,55.170269790908186,Tatars,Tatars_3
GRC12076243,50.74051578436767,55.09267809400715,Tatars,Tatars_4
GRC12076254,50.72063171756043,55.17607457294849,Tatars,Tatars_4
GRC12076266,50.7203509448192,55.16498991182796,Tatars,Tatars_4
GRC12076278,50.72059626331468,55.17636122977803,Tatars,Tatars_4
GRC12076290,50.72533481591501,55.09227400724152,Tatars,Tatars_4
GRC12081965,82.37782269270537,27.866433637352767,Tharu,Tharu_0
GRC12081968,82.39521879605442,27.79380904448768,Tharu,Tharu_0
GRC12084564,47.98915643833453,-22.2233301933251,Toliara_Madagascar,Manakara_Madagascar_2
GRC12084559,43.67046856254768,-23.32923504445002,Toliara_Madagascar,Toliara_Madagascar_2
GRC12084562,43.66898598277352,-23.329920645389457,Toliara_Madagascar,Toliara_Madagascar_2
GRC12084563,43.86429972931439,-23.19911584538468,Toliara_Madagascar,Toliara_Madagascar_2
GRC12084560,47.65023160979843,-24.00356473,Toliara_Madagascar,Manakara_Madagascar_2
GRC12084561,48.35349225169477,-23.787647406638573,Toliara_Madagascar,Manakara_Madagascar_2
GRC12084521,19.596683933009444,-28.0692251499159,Tsumkwe_Namibia,Southeastern_Namibia_2
GRC12084523,20.37746444471406,-28.393906655346807,Tsumkwe_Namibia,Southeastern_Namibia_1
GRC12076400,10.05722017625044,36.60350270865721,Tunisia,Tunisia_1
GRC12076408,10.094578833034566,36.51556787155902,Tunisia,Tunisia_1
GRC12076409,10.068164548652929,36.576197240301866,Tunisia,Tunisia_1
GRC12076411,10.088742239346596,36.52872462910391,Tunisia,Tunisia_1
GRC12076399,9.88585969991384,36.99602591269277,Tunisia,Tunisia_2
GRC12076402,10.043579536958736,36.62664945328675,Tunisia,Tunisia_2
GRC12076410,10.0712773905456,36.56707276391757,Tunisia,Tunisia_2
GRC12076412,8.353297564650514,38.40135517,Tunisia,Tunisia_2
GRC12076403,10.10732667416616,36.48691050394316,Tunisia,Tunisia_3
GRC12076405,10.106525784869474,36.48879195909619,Tunisia,Tunisia_3
GRC12076401,9.392424829331212,37.53058155,Tunisia,Tunisia_4
GRC12076406,9.988054478221695,36.75542892115373,Tunisia,Tunisia_4
GRC11074475,-2.76918112,52.41415188,UK,UK_1
GRC11074480,-2.8266905358978134,52.41415188,UK,UK_1
GRC11074479,-3.165998840025286,52.13016993616527,UK,UK_2
GRC11074481,-3.16528802304606,52.13109476994053,UK,UK_2
GRC11074469,-3.072757733668935,52.84478732,UK,UK_3
GRC11074473,-3.1335724699081315,52.405192108266064,UK,UK_3
GRC11074474,-3.1184820330732035,52.55176435471999,UK,UK_3
GRC11074476,-3.119440908923271,52.59986391232343,UK,UK_3
GRC11074468,-2.724339630897425,52.6243677,UK,UK_4
GRC11074470,-2.646869957258015,52.72385646,UK,UK_4
GRC11074471,13.61392149,52.28607851,UK,German_2
GRC11074477,-2.70975922,52.47357378,UK,UK_4
GRC11074482,-2.656837509838478,52.56394995,UK,UK_4
GRC12084537,29.31986817430398,-29.481088011477585,Underberg_KZN_RSA,Underberg_KZN_RSA_0
GRC12084538,29.419790174263017,-29.51960300173789,Underberg_KZN_RSA,Underberg_KZN_RSA_0
GRC12081972,77.8980179,17.533049171658288,Valayar,Kapu_0
GRC12081974,79.0738257856603,10.401747661049246,Valayar,Valayar_0
GRC12083643,168.30068968369446,-17.751091932390683,Vanuatu,Vanuatu_1
GRC12083644,168.30048914443904,-17.750803439200126,Vanuatu,Vanuatu_1
GRC12083650,169.63912951908833,-19.78290751443566,Vanuatu,Vanuatu_3
GRC12083642,168.3015736540781,-17.75185129025613,Vanuatu,Vanuatu_3
GRC12083645,168.60671456472386,-18.15462454666248,Vanuatu,Vanuatu_3
GRC12083646,168.30856273847328,-17.759998318476452,Vanuatu,Vanuatu_3
GRC12083647,168.30012689304286,-17.750150031171067,Vanuatu,Vanuatu_3
GRC12083648,168.4501546765117,-17.932583908363583,Vanuatu,Vanuatu_3
GRC12083649,168.5625395161489,-18.065309884132336,Vanuatu,Vanuatu_3
GRC12083651,168.3137021628399,-17.766265133008304,Vanuatu,Vanuatu_3
GRC12076415,108.00009120455408,14.000033639461572,Vietnamese,Vietnamese_1
GRC12076417,108.00000137336389,14.00000050477387,Vietnamese,Vietnamese_1
GRC12076418,108.00000500458673,14.000001828985893,Vietnamese,Vietnamese_1
GRC12076422,108.00000218075527,14.00000080181023,Vietnamese,Vietnamese_1
GRC12076425,108.00014159744272,14.000051439915191,Vietnamese,Vietnamese_1
GRC12076416,108.00000155954568,14.000000558554008,Vietnamese,Vietnamese_2
GRC12076419,108.00000660411752,14.000002369761342,Vietnamese,Vietnamese_2
GRC12076421,108.00002220759204,14.000007985888889,Vietnamese,Vietnamese_2
GRC12076423,108.0001695727679,14.000059404500114,Vietnamese,Vietnamese_2
GRC12076424,108.00000123862478,14.0000004395705,Vietnamese,Vietnamese_2
GRC12076420,108.0000070077141,14.00000260014027,Vietnamese,Vietnamese_3
GRC12076426,108.00000808641032,14.000003001030883,Vietnamese,Vietnamese_3
GRC12084527,24.101893698364645,-29.990950741093556,Witdraai_Northern_Cape_RSA,Schmidtsdrift_Northern_Cape_RSA_0
GRC11075063,3.99999950955955,8.000000684958044,Yoruba,Yoruba_1
GRC11075068,3.999999995400259,8.00000000642719,Yoruba,Yoruba_1
GRC11075070,3.999998660672008,8.000001872097327,Yoruba,Yoruba_1
GRC11075061,3.9999958191149303,8.000005833966274,Yoruba,Yoruba_2
GRC11075065,3.9999771060510025,8.00003187013275,Yoruba,Yoruba_2
GRC11075067,3.999999957271596,8.0000000595359,Yoruba,Yoruba_2
GRC11075069,3.999998436135263,8.000002181821552,Yoruba,Yoruba_2
GRC11075066,3.9997489156225434,8.000347633453428,Yoruba,Yoruba_3
GRC11075072,3.999607036169572,8.000536777966001,Yoruba,Yoruba_3
GRC11075062,3.9999779757353786,8.000030788833696,Yoruba,Yoruba_4
GRC11075064,3.9999998138675807,8.000000260232895,Yoruba,Yoruba_4
GRC11075071,3.999946784797319,8.00007434274346,Yoruba,Yoruba_4
